Year,Tm,W,L,R/G,BA,OBP,SLG,OPS,ADV
1998,ANA,85,77,4.86,0.272,0.335,0.415,0.751,0
1998,ARI,65,97,4.1,0.246,0.314,0.393,0.707,0
1998,ATL,106,56,5.1,0.272,0.342,0.453,0.795,1
1998,BAL,79,83,5.04,0.273,0.347,0.447,0.794,0
1998,BOS,92,70,5.41,0.28,0.348,0.463,0.81,1
1998,CHW,80,82,5.28,0.271,0.339,0.444,0.782,1
1998,CHC,90,73,5.1,0.264,0.337,0.433,0.771,0
1998,CIN,77,85,4.63,0.262,0.337,0.402,0.739,0
1998,CLE,89,73,5.25,0.272,0.347,0.448,0.795,1
1998,COL,77,85,5.1,0.291,0.347,0.461,0.808,0
1998,DET,65,97,4.46,0.264,0.323,0.415,0.738,0
1998,FLA,54,108,4.12,0.248,0.317,0.373,0.69,0
1998,HOU,102,60,5.4,0.28,0.356,0.436,0.792,1
1998,KCR,72,89,4.43,0.263,0.324,0.399,0.724,0
1998,LAD,83,79,4.13,0.252,0.31,0.387,0.698,0
1998,MIL,74,88,4.36,0.26,0.33,0.396,0.726,0
1998,MIN,70,92,4.53,0.266,0.328,0.389,0.717,0
1998,MON,65,97,3.98,0.249,0.31,0.394,0.704,0
1998,NYY,114,48,5.96,0.288,0.364,0.46,0.825,0
1998,NYM,88,74,4.36,0.259,0.33,0.394,0.724,1
1998,OAK,74,88,4.96,0.257,0.338,0.397,0.735,0
1998,PHI,75,87,4.4,0.264,0.326,0.395,0.721,0
1998,PIT,69,93,3.99,0.254,0.311,0.374,0.686,0
1998,SDP,98,64,4.62,0.253,0.33,0.409,0.739,1
1998,SEA,76,85,5.34,0.276,0.345,0.468,0.812,0
1998,SFG,89,74,5.18,0.274,0.353,0.421,0.774,0
1998,STL,83,79,4.97,0.258,0.341,0.441,0.781,0
1998,TBD,63,99,3.83,0.261,0.321,0.385,0.706,0
1998,TEX,88,74,5.8,0.289,0.357,0.462,0.819,1
1998,TOR,88,74,5.01,0.266,0.34,0.448,0.787,0
1999,ANA,70,92,4.39,0.256,0.322,0.395,0.716,0
1999,ARI,100,62,5.6,0.277,0.347,0.459,0.805,1
1999,ATL,103,59,5.19,0.266,0.341,0.436,0.777,1
1999,BAL,78,84,5.25,0.279,0.353,0.447,0.8,0
1999,BOS,94,68,5.16,0.278,0.35,0.448,0.798,1
1999,CHW,75,86,4.8,0.277,0.337,0.429,0.766,0
1999,CHC,67,95,4.61,0.257,0.329,0.42,0.749,0
1999,CIN,96,67,5.31,0.272,0.341,0.451,0.792,0
1999,CLE,97,65,6.23,0.289,0.373,0.467,0.84,1
1999,COL,72,90,5.59,0.288,0.348,0.472,0.819,0
1999,DET,69,92,4.64,0.261,0.326,0.443,0.768,0
1999,FLA,64,98,4.27,0.263,0.325,0.395,0.719,0
1999,HOU,97,65,5.08,0.267,0.355,0.42,0.775,1
1999,KCR,64,97,5.32,0.282,0.348,0.433,0.781,0
1999,LAD,77,85,4.9,0.266,0.339,0.42,0.76,0
1999,MIL,74,87,5.06,0.273,0.353,0.426,0.779,0
1999,MIN,63,97,4.26,0.264,0.328,0.384,0.712,0
1999,MON,68,94,4.43,0.265,0.323,0.427,0.751,0
1999,NYY,98,64,5.56,0.282,0.366,0.453,0.819,1
1999,NYM,97,66,5.23,0.279,0.363,0.434,0.797,1
1999,OAK,87,75,5.51,0.259,0.355,0.446,0.801,0
1999,PHI,77,85,5.19,0.275,0.351,0.431,0.782,0
1999,PIT,78,83,4.81,0.259,0.334,0.419,0.753,0
1999,SDP,74,88,4.38,0.252,0.332,0.393,0.725,0
1999,SEA,79,83,5.3,0.269,0.343,0.455,0.798,0
1999,SFG,86,76,5.38,0.271,0.356,0.434,0.79,0
1999,STL,75,86,5.02,0.262,0.338,0.426,0.764,0
1999,TBD,69,93,4.77,0.274,0.343,0.411,0.754,0
1999,TEX,95,67,5.83,0.293,0.361,0.479,0.84,1
1999,TOR,84,78,5.45,0.28,0.352,0.457,0.81,0
2000,ANA,82,80,5.33,0.28,0.352,0.472,0.825,0
2000,ARI,85,77,4.89,0.265,0.333,0.429,0.763,0
2000,ATL,95,67,5,0.271,0.346,0.429,0.775,1
2000,BAL,74,88,4.9,0.272,0.341,0.435,0.776,0
2000,BOS,85,77,4.89,0.267,0.341,0.423,0.764,0
2000,CHW,95,67,6.04,0.286,0.356,0.47,0.826,0
2000,CHC,65,97,4.72,0.256,0.335,0.411,0.746,1
2000,CIN,85,77,5.06,0.274,0.343,0.447,0.79,0
2000,CLE,90,72,5.86,0.288,0.367,0.47,0.837,0
2000,COL,82,80,5.98,0.294,0.362,0.455,0.816,0
2000,DET,79,83,5.08,0.275,0.343,0.438,0.781,0
2000,FLA,79,82,4.54,0.262,0.331,0.409,0.74,0
2000,HOU,72,90,5.79,0.278,0.361,0.477,0.837,0
2000,KCR,77,85,5.43,0.288,0.348,0.425,0.773,0
2000,LAD,86,76,4.93,0.257,0.341,0.431,0.771,0
2000,MIL,73,89,4.54,0.246,0.325,0.403,0.729,0
2000,MIN,69,93,4.62,0.27,0.337,0.407,0.744,0
2000,MON,67,95,4.56,0.266,0.326,0.432,0.758,0
2000,NYY,87,74,5.41,0.277,0.354,0.45,0.804,1
2000,NYM,94,68,4.98,0.263,0.346,0.43,0.776,1
2000,OAK,91,70,5.88,0.27,0.36,0.458,0.817,1
2000,PHI,65,97,4.37,0.251,0.329,0.4,0.729,0
2000,PIT,69,93,4.9,0.267,0.339,0.424,0.762,0
2000,SDP,76,86,4.64,0.254,0.33,0.402,0.732,0
2000,SEA,91,71,5.6,0.269,0.361,0.442,0.803,1
2000,SFG,97,65,5.71,0.278,0.362,0.472,0.834,1
2000,STL,95,67,5.48,0.27,0.356,0.455,0.812,1
2000,TBD,69,92,4.55,0.257,0.329,0.399,0.728,0
2000,TEX,71,91,5.23,0.283,0.352,0.446,0.798,0
2000,TOR,83,79,5.31,0.275,0.341,0.469,0.81,0
2001,ANA,75,87,4.27,0.261,0.327,0.405,0.732,0
2001,ARI,92,70,5.05,0.267,0.341,0.442,0.783,1
2001,ATL,88,74,4.5,0.26,0.324,0.412,0.736,1
2001,BAL,63,98,4.24,0.248,0.319,0.38,0.699,0
2001,BOS,82,79,4.8,0.266,0.334,0.439,0.773,0
2001,CHW,83,79,4.93,0.268,0.334,0.451,0.785,0
2001,CHC,88,74,4.8,0.261,0.336,0.43,0.766,0
2001,CIN,66,96,4.54,0.262,0.324,0.419,0.744,0
2001,CLE,91,71,5.54,0.278,0.35,0.458,0.807,1
2001,COL,73,89,5.7,0.292,0.354,0.483,0.837,0
2001,DET,66,96,4.47,0.26,0.32,0.409,0.73,0
2001,FLA,76,86,4.58,0.264,0.326,0.423,0.749,0
2001,HOU,93,69,5.23,0.271,0.347,0.451,0.798,1
2001,KCR,65,97,4.5,0.266,0.318,0.409,0.727,0
2001,LAD,86,76,4.68,0.255,0.323,0.425,0.748,0
2001,MIL,68,94,4.57,0.251,0.319,0.426,0.745,0
2001,MIN,85,77,4.76,0.272,0.337,0.433,0.77,0
2001,MON,68,94,4.14,0.253,0.319,0.396,0.715,0
2001,NYY,95,65,4.99,0.267,0.334,0.435,0.769,0
2001,NYM,82,80,3.96,0.249,0.323,0.387,0.71,1
2001,OAK,102,60,5.46,0.264,0.345,0.439,0.784,1
2001,PHI,86,76,4.6,0.26,0.329,0.414,0.743,0
2001,PIT,62,100,4.06,0.247,0.313,0.393,0.706,0
2001,SDP,79,83,4.87,0.252,0.336,0.399,0.735,0
2001,SEA,116,46,5.72,0.288,0.36,0.445,0.805,1
2001,SFG,90,72,4.93,0.266,0.342,0.46,0.802,0
2001,STL,93,69,5.02,0.27,0.339,0.441,0.78,1
2001,TBD,62,100,4.15,0.258,0.32,0.388,0.707,0
2001,TEX,73,89,5.49,0.275,0.344,0.471,0.815,0
2001,TOR,80,82,4.73,0.263,0.325,0.43,0.755,0
2002,ANA,99,63,5.25,0.282,0.341,0.433,0.773,1
2002,ARI,98,64,5.06,0.267,0.346,0.423,0.769,1
2002,ATL,101,59,4.4,0.26,0.331,0.409,0.741,1
2002,BAL,67,95,4.12,0.246,0.309,0.403,0.712,0
2002,BOS,93,69,5.3,0.277,0.345,0.444,0.789,0
2002,CHW,81,81,5.28,0.268,0.338,0.449,0.787,0
2002,CHC,67,95,4.36,0.246,0.321,0.413,0.734,0
2002,CIN,78,84,4.38,0.253,0.33,0.408,0.738,0
2002,CLE,74,88,4.56,0.249,0.321,0.412,0.733,0
2002,COL,73,89,4.8,0.274,0.337,0.423,0.76,0
2002,DET,55,106,3.57,0.248,0.3,0.379,0.679,0
2002,FLA,79,83,4.31,0.261,0.337,0.403,0.74,0
2002,HOU,84,78,4.62,0.262,0.338,0.417,0.755,0
2002,KCR,62,100,4.55,0.256,0.323,0.398,0.721,0
2002,LAD,92,70,4.4,0.264,0.32,0.409,0.729,0
2002,MIL,56,106,3.87,0.253,0.32,0.39,0.711,0
2002,MIN,94,67,4.77,0.272,0.332,0.437,0.769,1
2002,MON,83,79,4.54,0.261,0.334,0.418,0.752,0
2002,NYY,103,58,5.57,0.275,0.354,0.455,0.809,0
2002,NYM,75,86,4.29,0.256,0.322,0.395,0.717,1
2002,OAK,103,59,4.94,0.261,0.339,0.432,0.771,1
2002,PHI,80,81,4.41,0.259,0.339,0.422,0.761,0
2002,PIT,72,89,3.98,0.244,0.319,0.381,0.7,0
2002,SDP,66,96,4.09,0.253,0.321,0.381,0.702,0
2002,SEA,93,69,5.02,0.275,0.35,0.419,0.769,0
2002,SFG,95,66,4.83,0.267,0.344,0.442,0.786,1
2002,STL,97,65,4.86,0.268,0.338,0.425,0.763,1
2002,TBD,55,106,4.18,0.253,0.314,0.39,0.704,0
2002,TEX,72,90,5.2,0.269,0.338,0.455,0.794,0
2002,TOR,78,84,5.02,0.261,0.327,0.43,0.757,0
2003,ANA,77,85,4.54,0.268,0.33,0.413,0.743,0
2003,ARI,84,78,4.43,0.263,0.33,0.417,0.746,0
2003,ATL,101,61,5.6,0.284,0.349,0.475,0.824,1
2003,BAL,71,91,4.56,0.268,0.323,0.405,0.729,0
2003,BOS,95,67,5.93,0.289,0.36,0.491,0.851,1
2003,CHW,86,76,4.88,0.263,0.331,0.446,0.777,1
2003,CHC,88,74,4.47,0.259,0.323,0.416,0.739,0
2003,CIN,69,93,4.28,0.245,0.318,0.395,0.713,0
2003,CLE,68,94,4.31,0.254,0.316,0.401,0.717,0
2003,COL,74,88,5.27,0.267,0.344,0.445,0.79,0
2003,DET,43,119,3.65,0.24,0.3,0.375,0.675,0
2003,FLA,91,71,4.64,0.266,0.333,0.421,0.754,1
2003,HOU,87,75,4.97,0.263,0.336,0.431,0.767,0
2003,KCR,83,79,5.16,0.274,0.336,0.427,0.763,0
2003,LAD,85,77,3.54,0.243,0.303,0.368,0.671,0
2003,MIL,68,94,4.41,0.256,0.329,0.419,0.748,0
2003,MIN,90,72,4.94,0.277,0.341,0.431,0.772,1
2003,MON,83,79,4.39,0.258,0.326,0.401,0.727,0
2003,NYY,101,61,5.38,0.271,0.356,0.453,0.81,0
2003,NYM,66,95,3.99,0.247,0.314,0.374,0.688,1
2003,OAK,96,66,4.74,0.254,0.327,0.417,0.743,1
2003,PHI,86,76,4.88,0.261,0.343,0.419,0.762,0
2003,PIT,75,87,4.65,0.267,0.338,0.42,0.758,0
2003,SDP,64,98,4.19,0.261,0.333,0.388,0.721,0
2003,SEA,93,69,4.91,0.271,0.344,0.41,0.754,0
2003,SFG,100,61,4.69,0.264,0.338,0.425,0.763,1
2003,STL,85,77,5.41,0.279,0.35,0.454,0.804,0
2003,TBD,63,99,4.41,0.265,0.32,0.404,0.724,0
2003,TEX,71,91,5.1,0.266,0.33,0.454,0.784,0
2003,TOR,86,76,5.52,0.279,0.349,0.455,0.803,0
2004,ANA,92,70,5.16,0.282,0.341,0.429,0.77,1
2004,ARI,51,111,3.8,0.253,0.31,0.393,0.703,0
2004,ATL,96,66,4.96,0.27,0.343,0.434,0.777,1
2004,BAL,78,84,5.2,0.281,0.345,0.432,0.776,0
2004,BOS,98,64,5.86,0.282,0.36,0.472,0.832,1
2004,CHW,83,79,5.34,0.268,0.333,0.457,0.79,0
2004,CHC,89,73,4.87,0.268,0.328,0.458,0.786,0
2004,CIN,76,86,4.63,0.25,0.331,0.418,0.749,0
2004,CLE,80,82,5.3,0.276,0.351,0.444,0.795,0
2004,COL,68,94,5.14,0.275,0.345,0.455,0.8,0
2004,DET,72,90,5.1,0.272,0.337,0.449,0.786,0
2004,FLA,83,79,4.43,0.264,0.329,0.406,0.736,0
2004,HOU,92,70,4.96,0.267,0.342,0.436,0.778,1
2004,KCR,58,104,4.44,0.259,0.322,0.397,0.72,0
2004,LAD,93,69,4.7,0.262,0.332,0.423,0.755,1
2004,MIL,67,94,3.94,0.248,0.321,0.387,0.708,0
2004,MIN,92,70,4.81,0.266,0.332,0.431,0.763,1
2004,MON,67,95,3.92,0.249,0.313,0.392,0.705,0
2004,NYY,101,61,5.54,0.268,0.353,0.458,0.811,0
2004,NYM,71,91,4.22,0.249,0.317,0.409,0.726,1
2004,OAK,91,71,4.9,0.27,0.343,0.433,0.776,0
2004,PHI,86,76,5.19,0.267,0.345,0.443,0.788,0
2004,PIT,72,89,4.22,0.26,0.321,0.401,0.722,0
2004,SDP,87,75,4.74,0.273,0.342,0.414,0.756,0
2004,SEA,63,99,4.31,0.27,0.331,0.396,0.727,0
2004,SFG,91,71,5.25,0.27,0.357,0.438,0.795,0
2004,STL,105,57,5.28,0.278,0.344,0.46,0.804,1
2004,TBD,70,91,4.43,0.258,0.32,0.405,0.725,0
2004,TEX,89,73,5.31,0.266,0.329,0.457,0.786,0
2004,TOR,67,94,4.47,0.26,0.328,0.403,0.732,0
2005,ARI,77,85,4.3,0.256,0.332,0.421,0.754,0
2005,ATL,90,72,4.75,0.265,0.333,0.435,0.768,1
2005,BAL,74,88,4.5,0.269,0.327,0.434,0.761,0
2005,BOS,95,67,5.62,0.281,0.357,0.454,0.811,1
2005,CHW,99,63,4.57,0.262,0.322,0.425,0.747,0
2005,CHC,79,83,4.34,0.27,0.324,0.44,0.764,1
2005,CIN,73,89,5.03,0.261,0.339,0.446,0.785,0
2005,CLE,93,69,4.88,0.271,0.334,0.453,0.787,0
2005,COL,67,95,4.57,0.267,0.333,0.411,0.744,0
2005,DET,71,91,4.46,0.272,0.321,0.428,0.75,0
2005,FLA,83,79,4.43,0.272,0.339,0.409,0.748,0
2005,HOU,89,73,4.25,0.256,0.322,0.408,0.73,1
2005,KCR,56,106,4.33,0.263,0.32,0.396,0.716,0
2005,LAA,95,67,4.7,0.27,0.325,0.409,0.734,1
2005,LAD,71,91,4.23,0.253,0.326,0.395,0.721,0
2005,MIL,81,81,4.48,0.259,0.331,0.423,0.754,0
2005,MIN,83,79,4.25,0.259,0.323,0.391,0.714,0
2005,NYY,95,67,5.47,0.276,0.355,0.45,0.805,0
2005,NYM,83,79,4.46,0.258,0.322,0.416,0.738,1
2005,OAK,88,74,4.77,0.262,0.33,0.407,0.737,0
2005,PHI,88,74,4.98,0.27,0.348,0.423,0.772,0
2005,PIT,67,95,4.2,0.259,0.322,0.4,0.723,0
2005,SDP,82,80,4.22,0.257,0.333,0.391,0.724,1
2005,SEA,69,93,4.31,0.256,0.317,0.391,0.709,0
2005,SFG,75,87,4.01,0.261,0.319,0.396,0.714,0
2005,STL,100,62,4.97,0.27,0.339,0.423,0.762,1
2005,TBD,67,95,4.63,0.274,0.329,0.425,0.754,0
2005,TEX,79,83,5.34,0.267,0.329,0.468,0.798,0
2005,TOR,80,82,4.78,0.265,0.331,0.407,0.738,0
2005,WSN,81,81,3.94,0.252,0.322,0.386,0.708,0
2006,ARI,76,86,4.77,0.267,0.331,0.424,0.755,0
2006,ATL,79,83,5.24,0.27,0.337,0.455,0.791,0
2006,BAL,70,92,4.74,0.277,0.339,0.424,0.763,0
2006,BOS,86,76,5.06,0.269,0.351,0.435,0.786,0
2006,CHW,90,72,5.36,0.28,0.342,0.464,0.806,0
2006,CHC,66,96,4.42,0.268,0.319,0.422,0.741,0
2006,CIN,80,82,4.62,0.257,0.336,0.432,0.768,0
2006,CLE,78,84,5.37,0.28,0.349,0.457,0.806,0
2006,COL,76,86,5.02,0.27,0.341,0.433,0.774,0
2006,DET,95,67,5.07,0.274,0.329,0.449,0.777,1
2006,FLA,78,84,4.68,0.264,0.331,0.435,0.766,0
2006,HOU,82,80,4.54,0.255,0.332,0.409,0.741,0
2006,KCR,62,100,4.67,0.271,0.332,0.411,0.743,0
2006,LAA,89,73,4.73,0.274,0.334,0.425,0.759,0
2006,LAD,88,74,5.06,0.276,0.348,0.432,0.781,1
2006,MIL,75,87,4.51,0.258,0.327,0.42,0.747,0
2006,MIN,96,66,4.94,0.287,0.347,0.425,0.771,1
2006,NYY,97,65,5.74,0.285,0.363,0.461,0.824,1
2006,NYM,97,65,5.15,0.264,0.334,0.445,0.78,1
2006,OAK,93,69,4.76,0.26,0.34,0.412,0.752,1
2006,PHI,85,77,5.34,0.267,0.347,0.447,0.794,0
2006,PIT,67,95,4.27,0.263,0.327,0.397,0.723,0
2006,SDP,88,74,4.51,0.263,0.332,0.416,0.749,1
2006,SEA,78,84,4.67,0.272,0.325,0.424,0.749,0
2006,SFG,76,85,4.63,0.259,0.324,0.422,0.746,0
2006,STL,83,78,4.85,0.269,0.337,0.431,0.769,1
2006,TBD,61,101,4.25,0.255,0.314,0.42,0.733,0
2006,TEX,80,82,5.15,0.278,0.338,0.446,0.784,0
2006,TOR,87,75,4.99,0.284,0.348,0.463,0.811,0
2006,WSN,71,91,4.6,0.262,0.338,0.418,0.756,0
2007,ARI,90,72,4.4,0.25,0.321,0.413,0.734,1
2007,ATL,84,78,5,0.275,0.339,0.435,0.774,0
2007,BAL,69,93,4.67,0.272,0.333,0.412,0.746,0
2007,BOS,96,66,5.35,0.279,0.362,0.444,0.806,1
2007,CHW,72,90,4.28,0.246,0.318,0.404,0.722,1
2007,CHC,85,77,4.64,0.271,0.333,0.422,0.754,0
2007,CIN,72,90,4.83,0.267,0.335,0.436,0.772,0
2007,CLE,96,66,5.01,0.268,0.343,0.428,0.771,1
2007,COL,90,73,5.28,0.28,0.354,0.437,0.791,1
2007,DET,88,74,5.48,0.287,0.345,0.458,0.802,0
2007,FLA,71,91,4.88,0.267,0.336,0.448,0.784,0
2007,HOU,73,89,4.46,0.26,0.33,0.412,0.742,0
2007,KCR,69,93,4.36,0.261,0.322,0.388,0.71,0
2007,LAA,94,68,5.07,0.284,0.345,0.417,0.762,1
2007,LAD,82,80,4.54,0.275,0.337,0.406,0.743,0
2007,MIL,83,79,4.94,0.262,0.329,0.456,0.785,0
2007,MIN,79,83,4.43,0.264,0.33,0.391,0.721,0
2007,NYY,94,68,5.98,0.29,0.366,0.463,0.829,0
2007,NYM,88,74,4.96,0.275,0.342,0.432,0.775,1
2007,OAK,76,86,4.57,0.256,0.338,0.407,0.745,0
2007,PHI,89,73,5.51,0.274,0.354,0.458,0.812,1
2007,PIT,68,94,4.47,0.263,0.325,0.411,0.736,0
2007,SDP,89,74,4.55,0.251,0.322,0.411,0.732,0
2007,SEA,88,74,4.9,0.287,0.337,0.425,0.762,0
2007,SFG,71,91,4.22,0.254,0.322,0.387,0.708,0
2007,STL,78,84,4.48,0.274,0.337,0.405,0.743,0
2007,TBD,66,96,4.83,0.268,0.336,0.433,0.769,0
2007,TEX,75,87,5.04,0.263,0.328,0.426,0.754,0
2007,TOR,83,79,4.65,0.259,0.327,0.419,0.746,0
2007,WSN,73,89,4.15,0.256,0.325,0.39,0.715,0
2008,ARI,82,80,4.44,0.251,0.327,0.415,0.742,0
2008,ATL,72,90,4.65,0.27,0.345,0.408,0.753,0
2008,BAL,68,93,4.86,0.267,0.333,0.429,0.762,0
2008,BOS,95,67,5.22,0.28,0.358,0.447,0.805,1
2008,CHW,89,74,4.98,0.263,0.332,0.448,0.78,1
2008,CHC,97,64,5.31,0.278,0.354,0.443,0.797,1
2008,CIN,74,88,4.35,0.247,0.321,0.408,0.729,0
2008,CLE,81,81,4.97,0.262,0.339,0.424,0.763,0
2008,COL,74,88,4.61,0.263,0.336,0.415,0.751,0
2008,DET,74,88,5.07,0.271,0.34,0.444,0.784,0
2008,FLA,84,77,4.78,0.254,0.326,0.433,0.759,0
2008,HOU,86,75,4.42,0.263,0.323,0.415,0.737,0
2008,KCR,75,87,4.27,0.269,0.32,0.397,0.717,0
2008,LAA,100,62,4.72,0.268,0.33,0.413,0.743,1
2008,LAD,84,78,4.32,0.264,0.333,0.399,0.732,1
2008,MIL,90,72,4.63,0.253,0.325,0.431,0.757,1
2008,MIN,88,75,5.09,0.279,0.34,0.408,0.748,0
2008,NYY,89,73,4.87,0.271,0.342,0.427,0.769,0
2008,NYM,89,73,4.93,0.266,0.34,0.42,0.761,0
2008,OAK,75,86,4.01,0.242,0.318,0.369,0.686,0
2008,PHI,92,70,4.93,0.255,0.332,0.438,0.77,1
2008,PIT,67,95,4.54,0.258,0.32,0.403,0.723,0
2008,SDP,63,99,3.93,0.25,0.317,0.39,0.707,0
2008,SEA,61,101,4.14,0.265,0.318,0.389,0.707,0
2008,SFG,72,90,3.95,0.262,0.321,0.382,0.703,0
2008,STL,86,76,4.81,0.281,0.35,0.433,0.783,0
2008,TBR,97,65,4.78,0.26,0.34,0.422,0.762,1
2008,TEX,79,83,5.56,0.283,0.354,0.462,0.816,0
2008,TOR,86,76,4.41,0.264,0.331,0.399,0.731,0
2008,WSN,59,102,3.98,0.251,0.323,0.373,0.696,0
2009,ARI,70,92,4.44,0.253,0.324,0.418,0.742,0
2009,ATL,86,76,4.54,0.263,0.339,0.405,0.744,0
2009,BAL,64,98,4.57,0.268,0.332,0.415,0.747,0
2009,BOS,95,67,5.38,0.27,0.352,0.454,0.806,1
2009,CHW,79,83,4.47,0.258,0.329,0.411,0.74,0
2009,CHC,83,78,4.39,0.255,0.332,0.407,0.738,0
2009,CIN,78,84,4.15,0.247,0.318,0.394,0.712,0
2009,CLE,65,97,4.77,0.264,0.339,0.417,0.756,0
2009,COL,92,70,4.96,0.261,0.343,0.441,0.784,1
2009,DET,86,77,4.56,0.26,0.331,0.416,0.747,0
2009,FLA,87,75,4.77,0.268,0.34,0.416,0.756,0
2009,HOU,74,88,3.97,0.26,0.319,0.4,0.719,0
2009,KCR,65,97,4.23,0.259,0.318,0.405,0.724,0
2009,LAA,97,65,5.45,0.285,0.35,0.441,0.792,1
2009,LAD,95,67,4.81,0.27,0.346,0.412,0.758,1
2009,MIL,80,82,4.85,0.263,0.341,0.426,0.767,0
2009,MIN,87,76,5.01,0.274,0.345,0.429,0.774,1
2009,NYY,103,59,5.65,0.283,0.362,0.478,0.839,0
2009,NYM,70,92,4.14,0.27,0.335,0.394,0.729,1
2009,OAK,75,87,4.69,0.262,0.328,0.397,0.726,0
2009,PHI,93,69,5.06,0.258,0.334,0.447,0.781,1
2009,PIT,62,99,3.95,0.252,0.318,0.387,0.705,0
2009,SDP,75,87,3.94,0.242,0.321,0.381,0.701,0
2009,SEA,85,77,3.95,0.258,0.314,0.402,0.716,0
2009,SFG,88,74,4.06,0.257,0.309,0.389,0.699,0
2009,STL,91,71,4.51,0.263,0.332,0.415,0.747,1
2009,TBR,84,78,4.96,0.263,0.343,0.439,0.782,0
2009,TEX,87,75,4.84,0.26,0.32,0.445,0.764,0
2009,TOR,75,87,4.93,0.266,0.333,0.44,0.773,0
2009,WSN,59,103,4.38,0.258,0.337,0.406,0.743,0
2010,ARI,65,97,4.4,0.25,0.325,0.416,0.74,0
2010,ATL,91,71,4.56,0.258,0.339,0.401,0.74,1
2010,BAL,66,96,3.78,0.259,0.316,0.386,0.702,0
2010,BOS,89,73,5.05,0.268,0.339,0.451,0.79,0
2010,CHW,88,74,4.64,0.268,0.332,0.42,0.752,0
2010,CHC,75,87,4.23,0.257,0.32,0.401,0.721,0
2010,CIN,91,71,4.88,0.272,0.338,0.436,0.774,1
2010,CLE,69,93,3.99,0.248,0.322,0.378,0.7,0
2010,COL,83,79,4.75,0.263,0.336,0.425,0.76,0
2010,DET,81,81,4.64,0.268,0.335,0.415,0.75,0
2010,FLA,80,82,4.44,0.254,0.321,0.403,0.724,0
2010,HOU,76,86,3.77,0.247,0.303,0.362,0.665,0
2010,KCR,67,95,4.17,0.274,0.331,0.399,0.73,0
2010,LAA,80,82,4.2,0.248,0.311,0.39,0.702,0
2010,LAD,80,82,4.12,0.252,0.322,0.379,0.7,0
2010,MIL,77,85,4.63,0.262,0.335,0.424,0.759,0
2010,MIN,94,68,4.82,0.273,0.341,0.422,0.762,1
2010,NYY,95,67,5.3,0.267,0.35,0.436,0.786,0
2010,NYM,79,83,4.05,0.249,0.314,0.383,0.697,1
2010,OAK,81,81,4.09,0.256,0.324,0.378,0.702,0
2010,PHI,97,65,4.77,0.26,0.332,0.413,0.745,1
2010,PIT,57,105,3.62,0.242,0.304,0.373,0.678,0
2010,SDP,90,72,4.1,0.246,0.317,0.371,0.689,0
2010,SEA,61,101,3.17,0.236,0.298,0.339,0.637,0
2010,SFG,92,70,4.3,0.257,0.321,0.408,0.729,1
2010,STL,86,76,4.54,0.263,0.332,0.402,0.733,0
2010,TBR,96,66,4.95,0.247,0.333,0.403,0.736,1
2010,TEX,90,72,4.86,0.276,0.338,0.419,0.757,1
2010,TOR,85,77,4.66,0.248,0.312,0.454,0.766,0
2010,WSN,69,93,4.04,0.25,0.318,0.39,0.708,0
2011,ARI,94,68,4.51,0.25,0.322,0.413,0.736,1
2011,ATL,89,73,3.96,0.243,0.308,0.387,0.695,0
2011,BAL,69,93,4.37,0.257,0.316,0.413,0.729,0
2011,BOS,90,72,5.4,0.28,0.349,0.461,0.81,0
2011,CHW,79,83,4.04,0.252,0.319,0.388,0.706,0
2011,CHC,71,91,4.04,0.256,0.314,0.401,0.715,0
2011,CIN,79,83,4.54,0.256,0.326,0.408,0.734,0
2011,CLE,80,82,4.35,0.25,0.317,0.396,0.714,0
2011,COL,73,89,4.54,0.258,0.329,0.41,0.739,0
2011,DET,95,67,4.86,0.277,0.34,0.434,0.773,1
2011,FLA,72,90,3.86,0.247,0.318,0.388,0.706,0
2011,HOU,56,106,3.8,0.258,0.311,0.374,0.684,0
2011,KCR,71,91,4.51,0.275,0.329,0.415,0.744,0
2011,LAA,86,76,4.12,0.253,0.313,0.402,0.714,0
2011,LAD,82,79,4,0.257,0.322,0.375,0.697,0
2011,MIL,96,66,4.45,0.261,0.325,0.425,0.75,1
2011,MIN,63,99,3.82,0.247,0.306,0.36,0.666,0
2011,NYY,97,65,5.35,0.263,0.343,0.444,0.788,0
2011,NYM,77,85,4.43,0.264,0.335,0.391,0.725,1
2011,OAK,74,88,3.98,0.244,0.311,0.369,0.68,0
2011,PHI,102,60,4.4,0.253,0.323,0.395,0.717,1
2011,PIT,72,90,3.77,0.244,0.309,0.368,0.676,0
2011,SDP,71,91,3.66,0.237,0.305,0.349,0.653,0
2011,SEA,67,95,3.43,0.233,0.292,0.348,0.64,0
2011,SFG,86,76,3.52,0.242,0.303,0.368,0.671,0
2011,STL,90,72,4.7,0.273,0.341,0.425,0.766,1
2011,TBR,91,71,4.36,0.244,0.322,0.402,0.724,1
2011,TEX,96,66,5.28,0.283,0.34,0.46,0.8,1
2011,TOR,81,81,4.59,0.249,0.317,0.413,0.73,0
2011,WSN,80,81,3.88,0.242,0.309,0.383,0.691,0
2012,ARI,81,81,4.53,0.259,0.328,0.418,0.746,0
2012,ATL,94,68,4.32,0.247,0.32,0.389,0.709,1
2012,BAL,93,69,4.4,0.247,0.311,0.417,0.728,1
2012,BOS,69,93,4.53,0.26,0.315,0.415,0.73,0
2012,CHW,85,77,4.62,0.255,0.318,0.422,0.74,0
2012,CHC,61,101,3.78,0.24,0.302,0.378,0.68,0
2012,CIN,97,65,4.13,0.251,0.315,0.411,0.726,1
2012,CLE,68,94,4.12,0.251,0.324,0.381,0.705,0
2012,COL,64,98,4.68,0.274,0.33,0.436,0.766,0
2012,DET,88,74,4.48,0.268,0.335,0.422,0.757,1
2012,HOU,55,107,3.6,0.236,0.302,0.371,0.673,0
2012,KCR,72,90,4.17,0.265,0.317,0.4,0.716,0
2012,LAA,89,73,4.73,0.274,0.332,0.433,0.764,0
2012,LAD,86,76,3.93,0.252,0.317,0.374,0.69,0
2012,MIA,69,93,3.76,0.244,0.308,0.382,0.69,0
2012,MIL,83,79,4.79,0.259,0.325,0.437,0.762,0
2012,MIN,66,96,4.33,0.26,0.325,0.39,0.715,0
2012,NYY,95,67,4.96,0.265,0.337,0.453,0.79,0
2012,NYM,74,88,4.01,0.249,0.316,0.386,0.701,1
2012,OAK,94,68,4.4,0.238,0.31,0.404,0.714,1
2012,PHI,81,81,4.22,0.255,0.317,0.4,0.716,0
2012,PIT,79,83,4.02,0.243,0.304,0.395,0.699,0
2012,SDP,76,86,4.02,0.247,0.319,0.38,0.699,0
2012,SEA,75,87,3.82,0.234,0.296,0.369,0.665,0
2012,SFG,94,68,4.43,0.269,0.327,0.397,0.724,1
2012,STL,88,74,4.72,0.271,0.338,0.421,0.759,1
2012,TBR,90,72,4.3,0.24,0.317,0.394,0.711,0
2012,TEX,93,69,4.99,0.273,0.334,0.446,0.78,1
2012,TOR,73,89,4.42,0.245,0.309,0.407,0.716,0
2012,WSN,98,64,4.51,0.261,0.322,0.428,0.75,1
2013,ARI,81,81,4.23,0.259,0.323,0.391,0.715,0
2013,ATL,96,66,4.25,0.249,0.321,0.402,0.723,1
2013,BAL,85,77,4.6,0.26,0.313,0.431,0.744,0
2013,BOS,97,65,5.27,0.277,0.349,0.446,0.795,1
2013,CHW,63,99,3.69,0.249,0.302,0.378,0.68,0
2013,CHC,66,96,3.72,0.238,0.3,0.392,0.693,0
2013,CIN,90,72,4.31,0.249,0.327,0.391,0.718,1
2013,CLE,92,70,4.6,0.255,0.327,0.41,0.737,1
2013,COL,74,88,4.36,0.27,0.323,0.418,0.741,0
2013,DET,93,69,4.91,0.283,0.346,0.434,0.78,1
2013,HOU,51,111,3.77,0.24,0.299,0.375,0.674,0
2013,KCR,86,76,4,0.26,0.315,0.379,0.694,0
2013,LAA,78,84,4.52,0.264,0.329,0.414,0.743,0
2013,LAD,92,70,4.01,0.264,0.326,0.396,0.722,1
2013,MIA,62,100,3.17,0.231,0.293,0.335,0.627,0
2013,MIL,74,88,3.95,0.252,0.311,0.398,0.708,0
2013,MIN,66,96,3.79,0.242,0.312,0.38,0.692,0
2013,NYY,85,77,4.01,0.242,0.307,0.376,0.683,0
2013,NYM,74,88,3.82,0.237,0.306,0.366,0.672,0
2013,OAK,96,66,4.73,0.254,0.327,0.419,0.745,1
2013,PHI,73,89,3.77,0.248,0.306,0.384,0.69,0
2013,PIT,94,68,3.91,0.245,0.313,0.396,0.709,1
2013,SDP,76,86,3.81,0.245,0.308,0.378,0.686,0
2013,SEA,71,91,3.85,0.237,0.306,0.39,0.695,0
2013,SFG,76,86,3.88,0.26,0.32,0.381,0.702,0
2013,STL,97,65,4.83,0.269,0.332,0.401,0.733,1
2013,TBR,92,71,4.29,0.257,0.329,0.408,0.737,1
2013,TEX,91,72,4.48,0.262,0.323,0.412,0.735,0
2013,TOR,74,88,4.4,0.252,0.318,0.411,0.729,0
2013,WSN,86,76,4.05,0.251,0.313,0.398,0.71,0
2014,ARI,64,98,3.8,0.248,0.302,0.376,0.678,0
2014,ATL,79,83,3.54,0.241,0.305,0.36,0.665,0
2014,BAL,96,66,4.35,0.256,0.311,0.422,0.734,1
2014,BOS,71,91,3.91,0.244,0.316,0.369,0.684,0
2014,CHW,73,89,4.07,0.253,0.31,0.398,0.708,0
2014,CHC,73,89,3.79,0.239,0.3,0.385,0.684,0
2014,CIN,76,86,3.67,0.238,0.296,0.365,0.661,0
2014,CLE,85,77,4.13,0.253,0.317,0.389,0.706,0
2014,COL,66,96,4.66,0.276,0.327,0.445,0.772,0
2014,DET,90,72,4.67,0.277,0.331,0.426,0.757,1
2014,HOU,70,92,3.88,0.242,0.309,0.383,0.692,0
2014,KCR,89,73,4.02,0.263,0.314,0.376,0.69,1
2014,LAA,98,64,4.77,0.259,0.322,0.406,0.728,1
2014,LAD,94,68,4.43,0.265,0.333,0.406,0.738,1
2014,MIA,77,85,3.98,0.253,0.317,0.378,0.694,0
2014,MIL,82,80,4.01,0.25,0.311,0.397,0.708,0
2014,MIN,70,92,4.41,0.254,0.324,0.389,0.713,0
2014,NYY,84,78,3.91,0.245,0.307,0.38,0.687,0
2014,NYM,79,83,3.88,0.239,0.308,0.364,0.673,0
2014,OAK,88,74,4.5,0.244,0.32,0.381,0.7,1
2014,PHI,73,89,3.82,0.242,0.302,0.363,0.665,0
2014,PIT,88,74,4.21,0.259,0.33,0.404,0.734,1
2014,SDP,77,85,3.3,0.226,0.292,0.342,0.634,0
2014,SEA,87,75,3.91,0.244,0.3,0.376,0.676,0
2014,SFG,88,74,4.1,0.255,0.311,0.388,0.699,1
2014,STL,90,72,3.82,0.253,0.32,0.369,0.689,1
2014,TBR,77,85,3.78,0.247,0.317,0.367,0.684,0
2014,TEX,67,95,3.93,0.256,0.314,0.375,0.689,0
2014,TOR,83,79,4.46,0.259,0.323,0.414,0.736,0
2014,WSN,96,66,4.23,0.253,0.321,0.393,0.714,1
2015,ARI,79,83,4.44,0.264,0.324,0.414,0.738,0
2015,ATL,67,95,3.54,0.251,0.314,0.359,0.674,0
2015,BAL,81,81,4.4,0.25,0.307,0.421,0.728,0
2015,BOS,78,84,4.62,0.265,0.325,0.415,0.74,0
2015,CHW,76,86,3.84,0.25,0.306,0.38,0.686,1
2015,CHC,97,65,4.25,0.244,0.321,0.398,0.719,0
2015,CIN,64,98,3.95,0.248,0.312,0.394,0.706,0
2015,CLE,81,80,4.16,0.256,0.325,0.401,0.725,0
2015,COL,68,94,4.55,0.265,0.315,0.432,0.748,0
2015,DET,74,87,4.28,0.27,0.328,0.42,0.748,0
2015,HOU,86,76,4.5,0.25,0.315,0.437,0.752,1
2015,KCR,95,67,4.47,0.269,0.322,0.412,0.734,1
2015,LAA,85,77,4.08,0.246,0.307,0.396,0.702,0
2015,LAD,92,70,4.12,0.25,0.326,0.413,0.739,1
2015,MIA,71,91,3.78,0.26,0.31,0.384,0.694,0
2015,MIL,68,94,4.04,0.251,0.307,0.393,0.7,0
2015,MIN,83,79,4.3,0.247,0.305,0.399,0.704,0
2015,NYY,87,75,4.72,0.251,0.323,0.421,0.744,1
2015,NYM,90,72,4.22,0.244,0.312,0.4,0.712,1
2015,OAK,68,94,4.28,0.251,0.312,0.395,0.707,0
2015,PHI,63,99,3.86,0.249,0.303,0.382,0.684,0
2015,PIT,98,64,4.3,0.26,0.323,0.396,0.719,1
2015,SDP,74,88,4.01,0.243,0.3,0.385,0.685,0
2015,SEA,76,86,4.05,0.249,0.311,0.411,0.722,0
2015,SFG,84,78,4.3,0.267,0.326,0.406,0.732,0
2015,STL,100,62,3.99,0.253,0.321,0.394,0.716,1
2015,TBR,80,82,3.98,0.252,0.314,0.406,0.72,0
2015,TEX,88,74,4.64,0.257,0.325,0.413,0.739,1
2015,TOR,93,69,5.5,0.269,0.34,0.457,0.797,1
2015,WSN,83,79,4.34,0.251,0.321,0.403,0.724,0
2016,ARI,69,93,4.64,0.261,0.32,0.432,0.752,0
2016,ATL,68,93,4.03,0.255,0.321,0.384,0.705,0
2016,BAL,89,73,4.59,0.256,0.317,0.443,0.76,1
2016,BOS,93,69,5.42,0.282,0.348,0.461,0.81,1
2016,CHW,78,84,4.23,0.257,0.317,0.41,0.727,1
2016,CHC,103,58,4.99,0.256,0.343,0.429,0.772,0
2016,CIN,68,94,4.42,0.256,0.316,0.408,0.724,0
2016,CLE,94,67,4.83,0.262,0.329,0.43,0.759,1
2016,COL,75,87,5.22,0.275,0.336,0.457,0.794,0
2016,DET,86,75,4.66,0.267,0.331,0.438,0.769,0
2016,HOU,84,78,4.47,0.247,0.319,0.417,0.735,0
2016,KCR,81,81,4.17,0.261,0.312,0.4,0.712,0
2016,LAA,74,88,4.43,0.26,0.322,0.405,0.726,0
2016,LAD,91,71,4.48,0.249,0.319,0.409,0.728,1
2016,MIA,79,82,4.07,0.263,0.322,0.394,0.716,0
2016,MIL,73,89,4.14,0.244,0.322,0.407,0.729,0
2016,MIN,59,103,4.46,0.251,0.316,0.421,0.738,0
2016,NYY,84,78,4.2,0.252,0.315,0.405,0.72,1
2016,NYM,87,75,4.14,0.246,0.316,0.417,0.733,0
2016,OAK,69,93,4.03,0.246,0.304,0.395,0.699,0
2016,PHI,71,91,3.77,0.24,0.301,0.384,0.685,0
2016,PIT,78,83,4.5,0.257,0.332,0.402,0.734,0
2016,SDP,68,94,4.23,0.235,0.299,0.39,0.689,0
2016,SEA,86,76,4.74,0.259,0.326,0.43,0.756,0
2016,SFG,87,75,4.41,0.258,0.329,0.398,0.728,1
2016,STL,86,76,4.81,0.255,0.325,0.442,0.767,0
2016,TBR,68,94,4.15,0.243,0.307,0.426,0.733,0
2016,TEX,95,67,4.72,0.262,0.322,0.433,0.755,1
2016,TOR,89,73,4.69,0.248,0.33,0.426,0.755,1
2016,WSN,95,67,4.71,0.256,0.326,0.426,0.751,1
2017,ARI,93,69,5.01,0.254,0.329,0.445,0.774,1
2017,ATL,72,90,4.52,0.263,0.326,0.412,0.738,0
2017,BAL,75,87,4.59,0.26,0.312,0.435,0.747,0
2017,BOS,93,69,4.85,0.258,0.329,0.407,0.736,1
2017,CHW,67,95,4.36,0.256,0.314,0.417,0.731,1
2017,CHC,92,70,5.07,0.255,0.338,0.437,0.775,0
2017,CIN,68,94,4.65,0.253,0.329,0.433,0.761,0
2017,CLE,102,60,5.05,0.263,0.339,0.449,0.788,1
2017,COL,87,75,5.09,0.273,0.338,0.444,0.781,1
2017,DET,64,98,4.54,0.258,0.324,0.424,0.748,0
2017,HOU,101,61,5.53,0.282,0.346,0.478,0.823,1
2017,KCR,80,82,4.33,0.259,0.311,0.42,0.731,0
2017,LAA,80,82,4.38,0.243,0.315,0.397,0.712,0
2017,LAD,104,58,4.75,0.249,0.334,0.437,0.771,1
2017,MIA,77,85,4.8,0.267,0.331,0.431,0.761,0
2017,MIL,86,76,4.52,0.249,0.322,0.429,0.751,0
2017,MIN,85,77,5.03,0.26,0.334,0.434,0.768,1
2017,NYY,91,71,5.3,0.262,0.339,0.447,0.785,0
2017,NYM,70,92,4.54,0.25,0.32,0.434,0.755,1
2017,OAK,75,87,4.56,0.246,0.319,0.436,0.755,0
2017,PHI,66,96,4.26,0.25,0.315,0.409,0.723,0
2017,PIT,75,87,4.12,0.244,0.318,0.386,0.704,0
2017,SDP,71,91,3.73,0.234,0.299,0.393,0.692,0
2017,SEA,78,84,4.63,0.259,0.325,0.424,0.749,0
2017,SFG,64,98,3.94,0.249,0.309,0.38,0.689,0
2017,STL,83,79,4.7,0.256,0.334,0.426,0.76,0
2017,TBR,80,82,4.28,0.245,0.317,0.422,0.739,0
2017,TEX,78,84,4.93,0.244,0.32,0.43,0.75,0
2017,TOR,76,86,4.28,0.24,0.312,0.412,0.724,0
2017,WSN,97,65,5.06,0.266,0.332,0.449,0.782,1
2018,ARI,82,80,4.28,0.235,0.31,0.397,0.707,0
2018,ATL,90,72,4.69,0.257,0.324,0.417,0.742,1
2018,BAL,47,115,3.84,0.239,0.298,0.391,0.689,0
2018,BOS,108,54,5.41,0.268,0.339,0.453,0.792,1
2018,CHW,62,100,4.05,0.241,0.302,0.401,0.703,1
2018,CHC,95,68,4.67,0.258,0.333,0.41,0.744,0
2018,CIN,67,95,4.3,0.254,0.328,0.401,0.729,0
2018,CLE,91,71,5.05,0.259,0.332,0.434,0.766,1
2018,COL,91,72,4.79,0.256,0.322,0.435,0.757,1
2018,DET,64,98,3.89,0.241,0.3,0.38,0.68,0
2018,HOU,103,59,4.92,0.255,0.329,0.425,0.754,1
2018,KCR,58,104,3.94,0.245,0.305,0.392,0.697,0
2018,LAA,80,82,4.45,0.242,0.313,0.413,0.726,0
2018,LAD,92,71,4.93,0.25,0.333,0.442,0.774,1
2018,MIA,63,98,3.66,0.237,0.303,0.357,0.659,0
2018,MIL,96,67,4.63,0.252,0.323,0.424,0.747,1
2018,MIN,78,84,4.56,0.25,0.318,0.405,0.723,0
2018,NYY,100,62,5.25,0.249,0.329,0.451,0.781,0
2018,NYM,77,85,4.17,0.234,0.312,0.389,0.701,1
2018,OAK,97,65,5.02,0.252,0.325,0.439,0.764,1
2018,PHI,80,82,4.18,0.234,0.314,0.393,0.707,0
2018,PIT,82,79,4.3,0.254,0.317,0.407,0.725,0
2018,SDP,66,96,3.81,0.235,0.297,0.38,0.677,0
2018,SEA,89,73,4.18,0.254,0.314,0.408,0.722,0
2018,SFG,73,89,3.72,0.239,0.3,0.368,0.667,0
2018,STL,88,74,4.69,0.249,0.321,0.409,0.73,0
2018,TBR,90,72,4.42,0.258,0.333,0.406,0.74,0
2018,TEX,67,95,4.55,0.24,0.318,0.404,0.722,0
2018,TOR,73,89,4.38,0.244,0.312,0.427,0.739,0
2018,WSN,82,80,4.76,0.254,0.335,0.419,0.753,0
